Date,Category,Amount,Payment_Mode
2025/02/19,Shopping,41201.81,Cash
Jan 07 2024,Shopping,43039.96,cash
Jun 03 2024,,21515.17,Upi
Jun 03 2024,Health,21515.17,Upi
31-03-24,Dining,23419.0,
2025-01-25,entertaiment,4197.04,Cash
18-08-24,,15996.09,Bank Transfer
02-01-25,Subscriptions,3769.89,upi
2024-03-29,,52728.9,Credit Card
2024-02-14,Health,27199.53,UPI
15-02-25,Utilities,6903.53,UPI 
2024-11-16,,78723.62,cash
2024/01/13,Health,56008.95,UPI
2024/12/02,entertaiment,578.75,upi
2024-06-02,utilties,1935.34,UPI 
Mar 21 2025,Dining,34855.5,Cash
19-03-24,groccery,62496.91,Bank Transfer
2025/03/18,Shopping,76088.36,Credit Card
2024-07-02,Entertainment,29840.86,upi
2025-01-26,Fuel,75842.53,Credit Card
2024-11-24,groccery,44190.31,cash
2024/12/30,Utilities,1715.07,upi
2025-01-19,Transport,31751.35,Upi
2025/03/26,entertaiment,0.0,Credit Card
2024/03/13,utilties,76689.47,Cash
10-02-24,utilties,47350.43,Upi
2024-12-03,Utilities,24038.12,Credit Card
2025/03/07,Rent,39574.51,Credit Card
2024/06/05,entertaiment,52670.74,UPI
2024-05-02,,0.0,upi
30-09-24,Shopping,0.0,upi
12-04-24,Dining,76376.33,Cash
2024-06-08,groccery,0.0,UPI 
Feb 10 2024,Subscriptions,51263.86,Cash
2024/12/05,Groceries,46125.27,Upi
17-07-24,,58140.87,Upi
May 29 2024,Groceries,49466.51,UPI 
Jan 23 2025,utilties,23111.89,UPI
18-04-24,Transport,12541.77,UPI
Jul 05 2024,utilties,48106.76,Credit Card
2024/06/17,Utilities,64611.59,cash
19-11-24,Transport,35423.81,UPI 
2025/02/12,Fuel,83026.25,Debit Card
Dec 02 2024,Entertainment,60921.72,Upi
2024-05-21,Dining,55931.49,UPI
Sep 13 2024,entertaiment,75546.1,UPI 
19-04-24,Subscriptions,23215.93,Cash
19-04-24,Subscriptions,23215.93,Cash
08-01-24,Rent,19534.42,Debit Card
2025-02-01,utilties,7799.18,
Jun 17 2024,Transport,45279.23,
2025/02/17,Utilities,83224.48,upi
Jan 02 2025,Entertainment,16495.28,UPI
2024-01-19,Groceries,29135.09,Cash
2024-01-19,Groceries,29135.09,Cash
2025/03/13,Rent,37920.3,UPI
17-11-24,Fuel,79416.42,Debit Card
2024-04-03,groccery,73874.23,upi
Nov 22 2024,Transport,49644.64,Bank Transfer
03-01-24,Health,0.0,cash
24-11-24,Subscriptions,78162.76,Cash
2024/09/21,Transport,60406.75,Cash
Jan 15 2024,Shopping,76134.96,Debit Card
10-03-25,Utilities,77041.91,Cash
2024/12/02,utilties,58519.79,
01-11-24,Entertainment,0.0,Cash
2024-12-27,utilties,32504.58,Credit Card
Oct 12 2024,Fuel,39571.26,UPI 
13-01-24,Entertainment,35184.52,Credit Card
13-01-24,Entertainment,35184.52,Credit Card
Dec 24 2024,Health,18169.16,Upi
Mar 31 2024,,34855.92,UPI 
2025-02-20,groccery,38188.21,Bank Transfer
2024/04/18,Health,84509.86,Upi
2025-02-06,Rent,2392.96,cash
2025-03-24,Rent,24875.09,cash
2024/12/30,Groceries,46868.07,UPI 
Apr 11 2024,,16050.2,Bank Transfer
May 20 2024,Dining,31004.91,Debit Card
May 20 2024,Dining,31004.91,Debit Card
2024/06/08,Transport,68878.05,upi
Aug 21 2024,Dining,46069.1,Bank Transfer
2024/05/11,groccery,45867.39,Bank Transfer
2024-12-06,Fuel,47942.19,cash
2024-04-27,Health,4295.03,Bank Transfer
2024/10/20,Fuel,58763.92,UPI
Aug 11 2024,Subscriptions,18328.28,Debit Card
2024-12-10,,14885.77,Credit Card
2024-12-22,Groceries,45764.63,Upi
2024/01/19,Transport,23421.25,Upi
Mar 23 2024,Transport,49689.42,upi
04-02-24,Entertainment,53161.28,
02-07-24,groccery,12054.36,Debit Card
15-12-24,Dining,50469.26,UPI 
2024/04/02,Rent,76776.79,UPI
2024/05/11,Groceries,27731.35,
2024-06-18,Rent,3810.3,upi
Feb 13 2025,Dining,75228.5,Credit Card
19-05-24,groccery,2252.24,UPI 
2025/01/25,Health,71397.21,Upi
2024-09-01,Entertainment,67782.86,Debit Card
Mar 21 2025,Groceries,26102.72,UPI
Mar 13 2025,Entertainment,39805.5,UPI 
2024-07-31,Groceries,65475.38,
2024-12-31,Groceries,40635.84,Upi
2025-01-16,Shopping,2486.93,
09-06-24,Fuel,20129.3,Bank Transfer
2024/03/01,Rent,24305.77,Credit Card
Jul 02 2024,groccery,57873.21,Upi
12-10-24,entertaiment,70819.76,cash
2024/07/31,Rent,17669.47,Upi
2024-04-01,Fuel,11886.43,UPI 
2024-02-29,groccery,31191.76,UPI
21-09-24,Subscriptions,19891.22,Bank Transfer
Apr 24 2024,,6825.06,
2024/08/25,Fuel,72076.73,UPI
2024-12-17,Entertainment,27461.43,
03-05-24,Fuel,12858.94,Upi
27-10-24,Dining,72310.19,upi
2024/05/07,Entertainment,33846.8,upi
2024/05/07,Entertainment,33846.8,upi
2024/03/27,Shopping,61868.99,Credit Card
01-04-24,Fuel,60098.45,cash
2024/05/05,Groceries,15179.12,Cash
28-06-24,Shopping,11419.42,Bank Transfer
2024/03/03,Entertainment,78107.94,Cash
Feb 02 2025,utilties,71004.26,Bank Transfer
Sep 07 2024,Fuel,3786.43,UPI 
Dec 25 2024,Groceries,67914.19,Credit Card
2024/12/20,groccery,41351.44,
2024/12/20,groccery,41351.44,
13-02-24,Transport,74777.69,upi
2024/05/05,Groceries,43956.22,Bank Transfer
Jul 22 2024,Subscriptions,62209.02,Debit Card
2025-01-13,,25614.01,UPI 
Mar 05 2025,Fuel,65882.3,UPI
17-05-24,,84217.77,Cash
2024/06/24,,54114.86,UPI 
Jul 06 2024,Transport,62385.73,
14-09-24,,1367.58,upi
Jan 06 2025,Fuel,54310.99,UPI
2024/07/05,Utilities,0.0,UPI 
2025/02/11,Health,75484.36,Bank Transfer
Nov 20 2024,Dining,22174.87,upi
2025-01-25,groccery,60809.45,upi
2025-02-03,Entertainment,15071.25,Credit Card
Aug 18 2024,Subscriptions,17871.71,Credit Card
2024-06-10,Fuel,64744.87,Bank Transfer
2024-07-21,Health,63830.53,Upi
21-01-24,Rent,2212.74,UPI 
2024-06-30,Rent,15608.52,Credit Card
13-02-25,Rent,60250.7,
02-03-25,entertaiment,51644.63,Debit Card
2024-07-05,Shopping,9060.48,Cash
2025/01/24,Transport,45746.31,Debit Card
2025-02-17,Groceries,74983.03,
22-03-25,Transport,34802.11,Cash
18-11-24,Utilities,83515.54,Cash
Aug 08 2024,Subscriptions,73293.02,cash
2024-07-12,Transport,61499.38,Cash
29-03-24,Rent,50535.7,UPI 
2024-11-02,Rent,9742.85,Upi
2025-01-29,Transport,0.0,UPI
2024-12-24,Transport,46028.37,cash
Jan 26 2025,entertaiment,47756.59,Cash
2024/02/02,Fuel,36569.13,Debit Card
12-09-24,Entertainment,26450.65,Cash
Jul 06 2024,Utilities,51866.17,Bank Transfer
2024/07/24,groccery,30486.56,Upi
29-09-24,,24794.28,upi
21-03-24,Fuel,63523.57,Cash
Jun 17 2024,utilties,58651.98,Debit Card
2024/03/08,Subscriptions,36898.02,cash
2024-06-13,Dining,0.0,Cash
Aug 01 2024,Subscriptions,71931.6,Debit Card
08-03-24,Health,29401.03,
2024-03-30,Health,42601.77,UPI 
2025/01/31,Health,42765.21,Credit Card
2025/01/22,Fuel,82666.92,Cash
2024-02-06,Subscriptions,63153.15,UPI 
2025/01/21,Shopping,24054.46,
Jan 18 2024,Shopping,16165.47,Debit Card
Mar 12 2024,Fuel,58017.69,cash
Mar 17 2025,Groceries,44301.38,UPI
Apr 11 2024,entertaiment,17295.68,Cash
21-05-24,Transport,53402.74,Cash
14-01-24,,29506.76,Cash
2024/11/03,Dining,56403.44,upi
2025/03/05,Dining,83308.08,cash
17-12-24,entertaiment,70814.49,Cash
2024/10/03,Fuel,62543.8,
2024-04-18,Entertainment,73539.83,Debit Card
2024/01/07,Utilities,43082.67,Debit Card
2024/09/26,Shopping,35379.48,UPI 
2024/09/26,,35379.48,UPI 
2024-06-30,Subscriptions,27263.94,Upi
07-03-25,Utilities,65008.52,Credit Card
2024/12/04,Transport,81626.83,Bank Transfer
14-03-25,Shopping,9328.09,Credit Card
2024-01-27,Shopping,68469.73,Upi
17-06-24,Groceries,16048.66,UPI
2024/12/29,Rent,54889.74,UPI
2025-02-22,,27077.67,UPI 
2024/06/06,Fuel,37575.69,cash
17-09-24,utilties,70960.7,UPI 
Jan 11 2025,Groceries,36633.42,UPI 
Jan 12 2024,,20304.97,Debit Card
2024/03/02,entertaiment,25892.24,Cash
2024-01-24,groccery,16233.77,
2024/11/03,Fuel,4672.45,upi
Oct 17 2024,Rent,8545.46,upi
2024-08-23,groccery,47249.22,Cash
2024-08-23,groccery,47249.22,Cash
26-08-24,Health,14734.52,Cash
Sep 20 2024,Fuel,79583.74,UPI 
2024-05-12,entertaiment,9418.45,upi
Sep 25 2024,Shopping,27912.8,
2024-03-06,Fuel,45956.52,Upi
Aug 28 2024,,45775.23,Upi
18-03-24,Groceries,67247.48,UPI
Feb 09 2024,groccery,33096.41,UPI
2025-01-08,utilties,81640.1,UPI 
16-10-24,Subscriptions,37059.57,Bank Transfer
2024/02/12,Health,57349.64,cash
2024/02/12,Health,57349.64,cash
2024-07-22,entertaiment,78263.88,UPI
Mar 16 2024,Rent,55783.85,Bank Transfer
2024/10/09,entertaiment,62381.16,UPI
2024/10/09,entertaiment,62381.16,UPI
2024/01/10,Transport,60835.25,cash
Dec 28 2024,groccery,84840.97,Credit Card
Mar 07 2024,Fuel,617.25,Upi
2024-11-18,groccery,4676.72,upi
May 23 2024,Entertainment,16459.48,Cash
20-03-25,Entertainment,57927.55,UPI 
2024-05-10,Transport,8267.73,Upi
Mar 06 2025,Subscriptions,63289.48,Credit Card
2024-10-28,Utilities,73892.52,Credit Card
Mar 04 2024,Transport,21145.15,Upi
Jan 28 2024,Subscriptions,0.0,Debit Card
2025-03-04,Dining,63273.44,UPI 
2024-06-11,Transport,8227.29,UPI 
Oct 09 2024,Fuel,73143.82,Cash
01-03-25,,15503.46,Upi
01-03-25,,15503.46,Upi
05-02-25,,5817.27,Cash
24-07-24,Fuel,25608.12,Cash
2024-07-25,Transport,83998.53,UPI
2025-03-07,groccery,50119.81,Cash
15-05-24,Dining,16897.56,Upi
2025/01/06,entertaiment,30926.68,Credit Card
24-09-24,Rent,29851.04,Cash
22-09-24,Subscriptions,66941.92,
2024/09/16,Transport,59415.38,cash
2025-01-16,Dining,80174.14,UPI
2024-05-13,utilties,68349.26,Debit Card
2024/08/13,utilties,31332.57,
2025-01-22,groccery,16176.04,upi
2025/01/23,Subscriptions,42111.02,Bank Transfer
2025/01/31,entertaiment,74764.6,UPI 
Sep 01 2024,Shopping,73775.05,Credit Card
Sep 01 2024,Shopping,73775.05,Credit Card
2024-07-27,groccery,71819.87,Debit Card
2024/01/14,Shopping,64209.24,
2024/04/10,,83643.39,Debit Card
02-01-24,entertaiment,79823.26,cash
02-01-24,entertaiment,79823.26,cash
2024/04/05,Transport,28581.04,Cash
2024-04-19,Groceries,58010.9,Bank Transfer
2024/10/29,Rent,24379.82,UPI
2024/04/21,Dining,68660.77,Debit Card
Feb 05 2024,Shopping,36149.29,Debit Card
Dec 26 2024,Utilities,46474.18,Bank Transfer
10-08-24,,47666.01,Cash
Jul 23 2024,Utilities,0.0,UPI 
2024-12-23,utilties,33336.15,upi
2024-02-08,,20628.48,Cash
2024/02/25,Transport,35350.42,upi
09-10-24,,83450.35,UPI 
Jun 30 2024,Transport,74761.01,
May 29 2024,Utilities,69048.14,Bank Transfer
2024/11/14,Dining,5263.66,Cash
Feb 14 2025,Dining,12429.83,Debit Card
2024/11/29,Entertainment,33859.83,Credit Card
2024/09/28,Utilities,12590.71,cash
2024-06-19,Transport,51440.46,Cash
2024/05/02,utilties,84076.27,Upi
2024/01/16,Groceries,9584.72,Debit Card
Nov 18 2024,Subscriptions,36161.97,Debit Card
20-11-24,groccery,3193.07,Credit Card
2024-07-05,Fuel,72031.29,cash
2024/07/24,groccery,68772.44,Bank Transfer
2024/09/05,Subscriptions,40411.28,UPI
29-01-25,Groceries,15746.48,UPI
29-01-25,Groceries,15746.48,UPI
Jan 20 2025,Health,25896.4,UPI 
2024-01-12,utilties,6784.14,Upi
2024-01-12,utilties,6784.14,Upi
2024-11-30,Health,51988.04,UPI 
Apr 22 2024,,14817.35,Credit Card
2024-11-05,Dining,63041.1,Credit Card
08-09-24,Fuel,14431.08,Cash
12-05-24,Rent,7662.25,UPI 
27-01-24,Subscriptions,78626.32,UPI 
01-03-24,Rent,84098.06,Bank Transfer
2024-12-29,utilties,8202.51,Upi
2024/10/20,Utilities,68034.89,cash
2025-03-19,Fuel,28456.6,
2024-08-29,Shopping,67777.43,UPI 
2024/12/29,Rent,24956.48,Debit Card
29-08-24,Entertainment,68555.87,Debit Card
2024/08/17,utilties,71660.03,cash
2024/12/04,Transport,79029.52,cash
2024/12/04,Transport,79029.52,cash
2024-07-18,,24103.9,Credit Card
Mar 03 2024,Fuel,2405.01,Debit Card
2024-09-19,Subscriptions,37454.17,Credit Card
Feb 14 2025,Entertainment,16365.08,UPI
Sep 30 2024,Groceries,72278.59,cash
2024-07-07,Groceries,27396.88,
2024/03/18,Fuel,76628.18,UPI 
Jul 03 2024,Utilities,73463.54,UPI 
18-11-24,Transport,38892.21,UPI
2024/09/20,,12530.93,Cash
Oct 11 2024,,0.0,Upi
12-12-24,Transport,29460.09,Cash
19-12-24,Shopping,27409.88,Debit Card
03-12-24,Transport,33205.15,cash
2025/02/15,Fuel,57450.36,Upi
Feb 29 2024,Fuel,15024.69,UPI
16-09-24,,37429.55,upi
Nov 01 2024,Fuel,31508.31,Credit Card
2024-11-21,Entertainment,12670.44,
25-09-24,Entertainment,29451.56,Credit Card
23-03-25,groccery,11823.06,Bank Transfer
Mar 03 2024,Rent,55382.28,cash
Aug 31 2024,Dining,22062.61,UPI 
2025-02-24,,78619.49,UPI
2024-07-03,Shopping,944.85,Bank Transfer
2024/01/06,Utilities,31115.46,UPI 
Mar 16 2024,Transport,16954.55,cash
2024-01-19,Entertainment,28311.68,upi
Mar 10 2024,Subscriptions,22796.11,Credit Card
12-02-24,Fuel,62045.17,upi
31-01-25,Subscriptions,0.0,Cash
2024-08-06,Dining,22318.85,cash
2025/01/08,Dining,3216.55,upi
Feb 08 2024,Subscriptions,39108.25,cash
2024-06-02,Entertainment,28859.64,Debit Card
2024/03/05,Transport,70386.36,UPI 
2024-03-23,Subscriptions,59607.18,UPI
2025-01-23,utilties,0.0,UPI 
2024-04-10,Fuel,1263.48,Bank Transfer
2024-11-23,Utilities,67298.73,UPI
28-08-24,entertaiment,84810.53,UPI
17-07-24,Shopping,12662.93,Upi
2024-12-03,Subscriptions,47009.32,Upi
2024/10/08,Health,5052.03,UPI 
2024-02-10,utilties,52194.56,Credit Card
2024-05-29,,6835.56,cash
2024-02-09,entertaiment,64292.88,Bank Transfer
2024/09/14,Health,83358.18,UPI 
2024-12-09,Subscriptions,54236.23,UPI
27-05-24,Utilities,6099.6,UPI
2025/03/11,,67853.86,UPI
2024/08/18,Health,74138.05,UPI 
2024/08/11,Entertainment,4083.9,upi
23-11-24,Shopping,4980.81,cash
2024-06-25,,75446.86,Upi
Jul 10 2024,Fuel,45693.86,cash
28-09-24,,17247.97,Cash
2024-08-01,,84438.37,cash
2024-12-27,groccery,54792.04,upi
Feb 04 2024,Fuel,25919.34,UPI 
2024/05/06,Shopping,0.0,upi
2024/05/06,Shopping,19863.93,upi
04-05-24,Health,61099.44,Cash
Feb 16 2025,Dining,67419.68,Upi
2025/03/21,Shopping,47816.96,UPI
May 16 2024,Groceries,19912.94,Credit Card
08-11-24,groccery,0.0,Cash
2024-07-01,groccery,12192.42,UPI 
2024/01/02,Entertainment,9496.55,Bank Transfer
2024-03-15,Transport,19327.85,cash
2024-04-15,Entertainment,50073.8,Bank Transfer
Jan 21 2024,Fuel,74441.68,Debit Card
2024/08/14,Utilities,59685.95,upi
Dec 31 2024,,5082.56,UPI 
2025/01/17,Entertainment,18231.42,cash
Dec 03 2024,Fuel,8449.59,Bank Transfer
2024-05-02,Dining,20994.97,Bank Transfer
2024/03/14,Entertainment,-137.81,Credit Card
2024/05/03,Subscriptions,66128.61,UPI 
21-01-24,Health,41970.73,UPI 
2024-07-16,Health,55281.95,Credit Card
2024/05/27,Fuel,8456.4,
09-02-24,Utilities,67143.45,Cash
Oct 04 2024,utilties,79189.61,Bank Transfer
31-03-24,Shopping,70697.93,Credit Card
2025/01/07,Groceries,58650.74,cash
2024-04-29,utilties,25058.91,Upi
2024-04-29,utilties,25058.91,Upi
28-09-24,entertaiment,77860.98,UPI 
2024/01/04,Entertainment,40773.26,Debit Card
26-05-24,Rent,71399.87,
Jan 01 2025,Health,3728.5,Debit Card
26-01-25,Groceries,28498.82,cash
Jul 14 2024,,49784.34,Cash
Jun 12 2024,,47448.89,cash
2025/03/15,Subscriptions,4094.35,UPI 
Feb 11 2025,Transport,44097.09,UPI
Nov 27 2024,,6582.01,UPI 
Jun 07 2024,Health,5983.24,Credit Card
2024/12/18,Dining,50115.37,UPI
2024/02/02,Fuel,82685.65,cash
21-08-24,,45702.03,Credit Card
2024-01-11,entertaiment,64240.96,Upi
Jan 05 2024,Shopping,18284.99,Cash
17-01-24,groccery,72613.78,cash
06-01-25,,14364.41,Upi
Oct 24 2024,Entertainment,53731.85,Credit Card
06-07-24,Rent,41801.47,Upi
2024-04-19,Fuel,13667.44,Credit Card
2024-05-15,utilties,82643.51,Cash
2024-06-10,Groceries,13333.52,UPI 
2024-09-22,Transport,57331.83,Credit Card
2025/02/14,,11944.49,
2024/10/30,Groceries,3578.27,Cash
2024-02-22,Subscriptions,74876.01,Debit Card
06-11-24,entertaiment,77509.48,Bank Transfer
2024-03-21,utilties,32997.37,
Jul 06 2024,Groceries,66773.49,cash
2024/07/12,Fuel,79513.71,cash
2024-08-17,utilties,23297.47,Debit Card
2024-09-01,groccery,63649.86,
10-02-24,Entertainment,3049.35,UPI
Jan 28 2025,entertaiment,17237.18,upi
2024/05/20,Subscriptions,84816.26,upi
2024-08-26,Transport,7057.27,Upi
Feb 11 2025,Health,28296.71,Cash
04-11-24,Health,55774.7,UPI
2024/07/12,Rent,75669.98,UPI
2025-03-08,Health,56229.3,UPI
Dec 24 2024,groccery,54013.55,
Dec 24 2024,groccery,54013.55,
11-03-24,Entertainment,28833.63,Credit Card
03-05-24,Utilities,37471.6,cash
2024-11-23,utilties,44874.43,UPI
06-09-24,Entertainment,32293.14,Cash
2024-02-04,groccery,60229.15,UPI
2024-09-09,utilties,47657.91,
2024/06/25,Entertainment,33799.88,UPI 
May 11 2024,Transport,42154.94,UPI 
2024/08/03,Dining,23978.62,upi
2024-10-15,Shopping,3322.39,Upi
2024-08-01,Transport,62193.52,
22-03-24,Fuel,18892.64,
2024/04/22,Utilities,69811.91,cash
28-08-24,,36133.47,Debit Card
2024/08/14,entertaiment,77100.19,Debit Card
2024/12/28,Transport,1042.69,Debit Card
2024/07/31,Dining,56553.35,Bank Transfer
2024/01/26,Rent,67011.88,Upi
2024/01/17,,52413.86,UPI
Feb 01 2024,Utilities,15681.54,upi
May 29 2024,Subscriptions,4293.48,UPI
22-11-24,entertaiment,20975.17,UPI 
Jun 22 2024,entertaiment,39145.91,upi
07-02-24,Subscriptions,58630.53,
01-03-24,Utilities,48352.53,UPI
13-01-25,Subscriptions,74968.41,Credit Card
11-06-24,,23117.24,cash
10-02-24,Transport,35562.99,Debit Card
2024/09/22,groccery,61362.03,upi
2024/05/12,Transport,8045.6,Bank Transfer
2024-03-01,Subscriptions,50876.12,
2024/06/05,Shopping,10530.52,Debit Card
21-08-24,Groceries,11361.82,UPI 
2024-09-17,Utilities,45238.3,cash
2024-09-17,Utilities,45238.3,cash
2024/03/18,,35168.04,
2024-08-24,Groceries,33269.63,upi
2024/03/05,Shopping,17234.25,Debit Card
Aug 08 2024,,49098.75,Upi
21-08-24,Health,24251.97,Credit Card
Nov 01 2024,,71758.92,Upi
Mar 26 2024,Utilities,82328.47,
2024/07/21,Rent,4291.05,UPI
2025-01-07,Utilities,16817.03,Cash
2024/06/29,entertaiment,49219.68,Bank Transfer
Jan 03 2024,Fuel,25579.42,Bank Transfer
2024/11/22,Utilities,11932.33,Bank Transfer
Apr 24 2024,Fuel,37505.79,upi
2024/05/27,Rent,70337.61,Debit Card
01-06-24,,0.0,Credit Card
2024/08/06,Groceries,72931.8,Bank Transfer
Sep 04 2024,Subscriptions,7868.08,Cash
2024/08/28,Groceries,8508.56,UPI
18-01-24,Fuel,65685.73,Bank Transfer
Nov 11 2024,,14706.98,Cash
2024-11-10,Utilities,0.0,Upi
2024/01/29,Fuel,84153.93,cash
2025/02/27,Fuel,26834.5,Credit Card
Jan 02 2025,Fuel,51252.73,Bank Transfer
12-05-24,Fuel,51746.29,upi
2024/05/22,groccery,17139.75,Debit Card
2024/02/17,utilties,30884.79,Upi
Jul 30 2024,utilties,47284.66,Debit Card
2024/06/15,Entertainment,23491.22,Debit Card
2024-03-16,Health,62929.74,
Jun 02 2024,Subscriptions,60237.59,cash
May 07 2024,,59541.29,cash
2024-11-17,Groceries,43727.48,Bank Transfer
2024-12-12,Rent,24979.65,Bank Transfer
2024-12-12,Rent,0.0,Bank Transfer
2024-03-06,Groceries,51985.79,Upi
2024-05-24,Health,55491.67,Upi
2024-06-12,Groceries,22963.44,UPI
Jan 26 2025,Shopping,76462.58,UPI
2025-01-22,entertaiment,34242.17,cash
2025-03-17,Dining,53126.02,upi
2025-03-17,Dining,53126.02,upi
2024/02/05,entertaiment,0.0,Upi
2024-12-11,groccery,75361.69,upi
2024-01-25,Entertainment,68640.16,upi
2025-03-25,Transport,267.56,UPI 
Jan 22 2024,Groceries,15509.54,Upi
2024/01/25,Entertainment,0.0,Credit Card
23-02-24,Transport,24500.95,
2025/03/13,entertaiment,69224.12,Upi
17-03-25,,63999.74,UPI
03-03-25,Groceries,6195.3,
May 26 2024,Dining,2208.83,Upi
Oct 06 2024,Entertainment,26065.39,Cash
29-05-24,Transport,0.0,upi
2024-10-26,Dining,13508.92,
2025-03-04,,-337.61,UPI 
2024-04-21,utilties,52472.13,Credit Card
2024/02/09,utilties,33952.38,upi
2024-12-16,Health,68216.21,Bank Transfer
26-09-24,groccery,269.54,Credit Card
Jun 29 2024,,10146.19,cash
2024/04/27,Health,56367.04,
07-12-24,Fuel,78561.45,Cash
2024-06-22,groccery,17357.22,Debit Card
2024/08/17,,59982.96,Credit Card
23-01-25,Utilities,11987.05,Credit Card
28-01-25,Subscriptions,67654.03,Debit Card
28-01-25,Subscriptions,67654.03,Debit Card
2025-01-14,Dining,42481.28,Credit Card
2024/03/24,Rent,50834.84,Credit Card
Oct 27 2024,Subscriptions,31162.54,Debit Card
2024/08/13,Rent,76740.31,UPI
2024-07-07,Groceries,30684.38,cash
2025/01/04,Fuel,31695.14,Bank Transfer
Jan 20 2025,Fuel,26951.15,Debit Card
19-02-25,utilties,75312.12,
23-06-24,Shopping,37113.5,Cash
2024-05-30,utilties,24628.65,UPI
Aug 28 2024,Subscriptions,25443.34,upi
28-04-24,Shopping,21557.24,UPI 
2024-02-25,Dining,38706.22,Cash
2024/09/18,Subscriptions,7340.93,Cash
25-03-24,Health,32014.09,Credit Card
2025-03-07,Dining,61139.03,Bank Transfer
02-11-24,Entertainment,81041.78,Credit Card
15-08-24,Entertainment,32077.59,Upi
2024/03/10,Health,60392.02,UPI 
15-05-24,Dining,3727.79,Bank Transfer
Dec 08 2024,Subscriptions,20023.72,upi
2025-03-01,utilties,70082.83,Debit Card
Feb 07 2024,Groceries,17455.79,upi
2024/03/20,Shopping,-30.36,upi
2024/05/12,Utilities,72239.84,UPI 
Sep 14 2024,groccery,72317.75,
05-10-24,Entertainment,60953.18,cash
05-10-24,Entertainment,60953.18,cash
2024/03/29,utilties,15984.9,Bank Transfer
Aug 31 2024,Subscriptions,0.0,Credit Card
2024-10-13,Shopping,4356.79,Credit Card
05-10-24,Health,48035.4,Credit Card
22-06-24,Subscriptions,30451.85,Upi
30-01-24,entertaiment,53186.77,cash
24-03-24,utilties,81259.78,Bank Transfer
2024-05-28,Shopping,35348.91,Credit Card
Nov 04 2024,Shopping,64921.33,Debit Card
2024-05-18,Fuel,67179.39,Bank Transfer
2024/02/06,Utilities,16387.3,Cash
08-10-24,Subscriptions,5965.6,Credit Card
21-11-24,Groceries,2833.87,cash
26-01-25,utilties,56901.91,Credit Card
2024/10/05,groccery,20924.22,cash
2024-03-31,Groceries,37746.26,Debit Card
2024-03-31,Groceries,37746.26,Debit Card
2024/06/12,Health,47756.02,cash
21-01-24,Utilities,60805.24,Credit Card
Nov 30 2024,Dining,37599.75,cash
2024/12/14,Fuel,13578.46,cash
2024-11-30,Rent,11345.65,UPI 
Dec 10 2024,Groceries,12648.47,cash
Jun 20 2024,,5751.73,upi
05-01-24,,67348.37,Bank Transfer
2024-05-01,Health,0.0,Bank Transfer
07-01-25,entertaiment,10247.72,Credit Card
May 10 2024,Subscriptions,2707.82,cash
May 10 2024,Subscriptions,2707.82,cash
Jan 31 2025,Entertainment,49264.08,Debit Card
Apr 18 2024,Utilities,55540.82,Upi
18-08-24,utilties,38225.06,Bank Transfer
Mar 18 2024,Shopping,43595.1,
Oct 03 2024,,83752.11,cash
2024-01-01,Dining,68595.23,UPI 
2025/02/16,,341.65,Upi
2025-02-25,Subscriptions,71294.41,Bank Transfer
Jan 02 2024,Fuel,69441.87,upi
13-04-24,Entertainment,0.0,Bank Transfer
2024-08-11,Rent,69302.16,Upi
29-08-24,entertaiment,47951.46,Credit Card
19-02-25,groccery,38065.81,cash
2024/09/22,Health,55519.01,
2025/01/23,Shopping,32781.55,
2025/01/23,Shopping,32781.55,
2024/08/12,Subscriptions,52068.57,Cash
2025-03-26,entertaiment,16743.65,Upi
23-09-24,Shopping,69373.21,cash
Dec 30 2024,entertaiment,75139.94,
2024/02/09,Transport,9213.15,Credit Card
Jan 14 2025,utilties,25976.61,
2025/03/21,Fuel,0.0,Cash
2025/03/21,Fuel,0.0,Cash
2025/03/08,utilties,53771.89,Credit Card
2024/10/12,utilties,71169.93,
May 03 2024,Health,75069.69,cash
2024-02-04,,66794.31,Credit Card
2025-02-03,Subscriptions,54147.4,Debit Card
2024/04/09,Shopping,55104.51,Credit Card
2024-12-09,entertaiment,49230.06,UPI 
05-11-24,Health,21912.49,UPI 
Feb 23 2024,entertaiment,63421.36,Upi
2025-01-25,,71266.14,Debit Card
30-10-24,,83911.0,Credit Card
2024-12-18,Entertainment,72612.96,Bank Transfer
26-08-24,Shopping,74415.94,
2024-03-25,Subscriptions,38561.44,Bank Transfer
2024-12-30,Transport,36817.68,Bank Transfer
Nov 04 2024,utilties,32002.59,cash
2025/01/17,Fuel,80153.37,Credit Card
25-02-25,Fuel,14626.84,
25-02-25,Fuel,14626.84,
2025/02/02,,70856.27,Debit Card
2024-07-30,Shopping,11996.83,Upi
2024-06-02,,1440.97,UPI 
2024-06-02,,1440.97,UPI 
Oct 16 2024,Groceries,59005.51,Credit Card
2024-04-02,Utilities,41224.01,Bank Transfer
05-06-24,Rent,48006.71,UPI 
Jan 24 2024,Entertainment,31323.8,Upi
2025/03/14,utilties,13994.42,Bank Transfer
2024-07-28,Utilities,77995.21,upi
03-03-24,Dining,17749.79,Cash
27-07-24,Health,55135.91,UPI 
Nov 21 2024,Utilities,74012.12,UPI
24-01-25,Shopping,11200.9,
2024-04-24,Subscriptions,72481.13,UPI 
2025-01-10,entertaiment,0.0,cash
2024/12/26,entertaiment,13698.79,Debit Card
22-11-24,Groceries,66957.84,UPI 
2024/02/29,Utilities,50168.52,Bank Transfer
09-01-25,entertaiment,53565.21,Debit Card
2025/02/01,Entertainment,0.0,cash
2024-09-23,Groceries,2263.86,Debit Card
2024-09-23,Groceries,2263.86,Debit Card
2024/02/02,Transport,0.0,Debit Card
2024-01-29,Entertainment,21234.78,Debit Card
2024-01-29,Entertainment,21234.78,Debit Card
Jan 15 2024,,27475.01,UPI
2024/12/21,Health,49621.21,UPI 
2024/12/21,Health,49621.21,UPI 
10-11-24,Transport,25848.81,Cash
2024/03/21,entertaiment,59492.76,Cash
2025-02-13,groccery,44497.04,Credit Card
Jun 06 2024,utilties,14886.32,UPI
2024-06-02,Groceries,28475.09,UPI 
2024-01-22,Utilities,53093.88,cash
2024/03/04,Utilities,64842.05,upi
Jul 23 2024,Fuel,11532.98,upi
2024-10-06,,22298.97,
2024-10-04,Subscriptions,26084.98,Cash
2024-09-04,Subscriptions,2734.46,UPI 
Jan 08 2024,groccery,25628.45,
Jan 23 2025,utilties,49237.8,Cash
Mar 06 2024,,40294.26,Debit Card
Dec 23 2024,Shopping,82764.38,Upi
2024/03/23,Health,23696.81,Bank Transfer
18-06-24,Entertainment,81692.73,UPI
2025/03/18,Shopping,51713.64,upi
06-05-24,Entertainment,58376.06,UPI
26-08-24,Shopping,45044.24,UPI
2025-01-11,Health,74358.74,
2024-07-09,Health,47306.89,
2024/12/03,utilties,50153.18,cash
2024-03-15,utilties,1956.15,Debit Card
Apr 23 2024,Fuel,78070.86,cash
Apr 09 2024,Rent,4176.43,Debit Card
11-03-25,groccery,0.0,Debit Card
16-11-24,Health,53555.36,Debit Card
16-11-24,Health,0.0,Debit Card
Oct 11 2024,Fuel,0.0,Cash
2024-01-18,Entertainment,5497.42,Bank Transfer
2024/12/21,Shopping,63535.72,Bank Transfer
Apr 07 2024,groccery,27125.57,Cash
May 09 2024,Utilities,62126.76,cash
2024/04/17,Transport,58075.89,Upi
May 01 2024,Groceries,30521.54,Upi
2024/03/08,Rent,71077.93,Bank Transfer
2024/03/08,Rent,71077.93,Bank Transfer
2024/10/12,Transport,64019.48,Debit Card
2024/07/17,groccery,64559.83,cash
10-03-24,Transport,81810.87,Cash
Aug 27 2024,Shopping,21894.59,UPI 
2024-11-12,Rent,66267.42,Credit Card
2024/03/26,entertaiment,2534.43,UPI
22-10-24,Dining,0.0,UPI
2024-07-22,utilties,47467.03,upi
Dec 23 2024,Dining,2498.68,UPI 
02-11-24,Groceries,54934.42,UPI 
08-02-25,,45897.05,Upi
2024-09-30,Health,32628.34,Cash
Sep 24 2024,Health,36384.17,UPI
2025/03/25,Groceries,65379.79,Debit Card
20-03-25,Fuel,17740.49,Cash
08-05-24,Utilities,49654.22,upi
20-01-24,entertaiment,38370.75,Cash
2024/07/13,Fuel,8437.21,upi
2024/02/01,Utilities,19806.27,upi
2024-03-11,Dining,49187.2,upi
2024/12/30,Transport,-317.49,upi
04-08-24,Rent,13837.73,Bank Transfer
04-08-24,Rent,13837.73,Bank Transfer
2025/03/09,Dining,52509.83,UPI
Mar 19 2024,utilties,72975.03,upi
2025/03/11,Subscriptions,19271.31,UPI 
18-06-24,Health,76096.89,UPI 
2025/03/02,groccery,31871.29,Bank Transfer
2024/05/26,,37253.34,Upi
2024/07/19,Entertainment,6646.57,Upi
2024-04-09,entertaiment,57694.7,Debit Card
2024/02/06,Fuel,64486.63,Bank Transfer
Jun 06 2024,Subscriptions,11271.71,Upi
2024-07-04,groccery,66323.56,Debit Card
2024-07-04,groccery,66323.56,Debit Card
2024-12-08,groccery,76886.16,UPI
2024/07/15,entertaiment,80696.72,UPI
30-09-24,Health,23393.39,UPI
28-03-24,Entertainment,41589.89,UPI
Jul 11 2024,Transport,26218.09,
27-04-24,,44921.07,upi
18-11-24,Health,2446.75,Cash
2024/02/20,Groceries,82803.25,upi
2024/06/10,Groceries,44038.18,UPI 
16-02-25,groccery,33423.96,Upi
03-02-24,Rent,59622.56,Upi
Feb 07 2025,utilties,78150.92,Upi
May 26 2024,Entertainment,30251.4,
2024-08-02,Transport,7080.47,Bank Transfer
15-05-24,Subscriptions,50144.71,upi
15-05-24,Subscriptions,50144.71,upi
05-02-25,Fuel,18809.9,Credit Card
2025-02-25,Shopping,48033.28,Credit Card
2024-06-18,groccery,65311.54,Debit Card
2025/03/08,Entertainment,12526.72,
Apr 08 2024,Shopping,72129.34,Upi
2024-03-31,Transport,50346.09,Bank Transfer
Feb 24 2025,Shopping,68190.93,
2024/08/16,Rent,26019.88,Upi
2024-06-24,Shopping,27511.95,UPI 
2024/07/30,Rent,46135.53,UPI 
2024-03-28,Entertainment,64585.23,cash
Oct 19 2024,Subscriptions,10848.06,Cash
2025/01/03,utilties,77984.8,
19-09-24,Groceries,0.0,cash
2024/09/18,Fuel,2542.16,Debit Card
2025/01/13,Shopping,0.0,UPI
Dec 27 2024,Health,72013.82,Upi
Mar 17 2025,groccery,13451.48,
2024-06-06,,30806.78,Credit Card
12-07-24,Fuel,14741.01,
Aug 07 2024,Groceries,0.0,
2024/04/29,,23275.46,cash
2024-06-25,Dining,52543.54,Cash
2024/05/03,,53266.39,upi
2024-02-19,Transport,2693.33,Bank Transfer
30-03-24,utilties,7250.51,upi
2024/07/15,entertaiment,68413.25,Debit Card
2024-02-04,Dining,41430.45,
16-03-25,Fuel,2739.59,Cash
2024/06/15,Fuel,61269.56,UPI
2025-02-19,Rent,24652.95,Cash
02-01-25,Entertainment,13747.01,UPI
Apr 10 2024,Subscriptions,57419.95,Cash
Dec 20 2024,groccery,21332.05,Bank Transfer
11-07-24,utilties,16348.24,Bank Transfer
Jun 24 2024,Subscriptions,44703.59,Upi
2025/02/06,Shopping,69429.09,UPI 
2024/08/23,Subscriptions,65556.35,UPI
2024-03-22,,24093.38,
2024-03-22,,24093.38,
26-02-24,utilties,31369.99,Debit Card
2024/04/30,Utilities,10753.21,Credit Card
Jan 18 2024,Transport,47111.52,Credit Card
13-08-24,Utilities,66629.14,
Jan 02 2025,Utilities,11132.21,upi
Jul 30 2024,Dining,50281.45,
2024/02/10,Entertainment,0.0,Upi
Dec 02 2024,Transport,49221.38,Bank Transfer
2024-11-22,Fuel,15947.43,UPI
2024-11-22,Fuel,15947.43,UPI
Jul 31 2024,Groceries,60760.02,UPI
May 06 2024,Utilities,53918.03,UPI
18-02-25,Rent,0.0,Cash
2024/07/04,entertaiment,0.0,Credit Card
2025-03-18,Dining,10224.57,upi
2024/11/30,Health,11970.29,Debit Card
Mar 24 2025,Health,42076.1,cash
2024-02-10,Health,57402.56,Bank Transfer
Jun 20 2024,Transport,20200.13,Debit Card
2024-10-12,Groceries,4133.6,Cash
06-02-25,Dining,22515.54,Debit Card
2024/06/15,Rent,54022.51,Cash
2025/01/06,,37845.64,
08-01-24,Groceries,64940.9,Upi
2024/06/29,Groceries,9789.36,upi
2025-03-20,Utilities,47707.59,Bank Transfer
06-12-24,entertaiment,51117.61,upi
2024-02-09,Utilities,54761.93,Bank Transfer
Dec 27 2024,Shopping,49400.84,Upi
Feb 08 2024,Shopping,65267.51,UPI
Feb 08 2024,Shopping,65267.51,UPI
2024-09-07,Subscriptions,40819.72,Debit Card
10-02-24,groccery,52892.77,cash
2024/07/22,Utilities,59174.59,Bank Transfer
2024-06-17,utilties,27440.81,Bank Transfer
2025-01-09,Groceries,11732.46,Upi
22-11-24,utilties,12667.01,Debit Card
Jun 15 2024,groccery,57449.03,upi
2024/11/29,Groceries,45094.82,Upi
23-07-24,Health,6486.57,cash
2024/02/01,Groceries,53750.21,Bank Transfer
Aug 26 2024,Subscriptions,34183.12,Credit Card
2024/03/17,,10544.02,
07-02-25,Subscriptions,38094.42,Cash
09-02-25,,546.1,upi
2024-07-21,,16108.72,Bank Transfer
Jan 04 2024,entertaiment,47693.18,Bank Transfer
12-06-24,Utilities,57482.69,UPI 
Oct 25 2024,Health,24314.9,cash
Oct 05 2024,groccery,71226.36,UPI
2024-11-27,utilties,28800.13,Debit Card
09-04-24,groccery,45346.67,Credit Card
Nov 10 2024,,50319.14,Credit Card
May 01 2024,utilties,8256.73,cash
2024-01-01,groccery,58412.57,
2024/03/14,Fuel,50949.7,Bank Transfer
2025-02-22,Groceries,23264.46,Upi
Jul 01 2024,utilties,28517.49,UPI
2024-09-13,Dining,20554.31,
2024-09-13,Dining,20554.31,
2025-02-18,Transport,61738.82,cash
17-03-25,Subscriptions,13825.82,Upi
2024/08/07,,83147.85,UPI 
2024/03/13,Health,68285.52,
Sep 05 2024,Rent,64625.45,cash
2024/02/25,entertaiment,82937.69,
Jan 18 2024,Utilities,78271.74,Debit Card
2024-03-29,entertaiment,25493.75,Upi
Nov 21 2024,Entertainment,32582.47,Upi
2024-07-09,Fuel,29439.52,Bank Transfer
2024-03-01,,1815.66,UPI 
14-01-25,Fuel,55564.1,UPI 
2024-04-05,groccery,61035.47,Debit Card
Mar 12 2024,,7519.75,cash
Dec 10 2024,Fuel,82887.76,cash
Jun 22 2024,Subscriptions,52539.62,UPI 
Apr 16 2024,entertaiment,49620.44,cash
2024-07-07,Subscriptions,4161.66,Upi
07-05-24,utilties,55232.87,Debit Card
18-03-24,Fuel,0.0,upi
2024/08/26,Subscriptions,38370.02,UPI
2024-03-10,Fuel,11221.63,UPI 
2024/07/07,entertaiment,84856.15,upi
2024/01/19,Health,24794.13,Debit Card
Feb 18 2024,Utilities,47628.99,Cash
16-05-24,,62333.48,
2024/05/26,Transport,56837.41,Bank Transfer
2025/03/16,Rent,44486.71,Credit Card
2024-01-10,Transport,81427.44,UPI 
2024-04-26,Entertainment,51390.96,Cash
2024/07/20,Rent,70667.63,UPI
2024-04-18,Subscriptions,9918.34,Cash
Dec 17 2024,Transport,60152.22,UPI 
2024/12/23,Transport,62679.15,
2024/09/07,Dining,22269.31,UPI 
2024/09/07,Dining,22269.31,UPI 
04-03-25,Dining,34661.72,Credit Card
Nov 13 2024,utilties,7680.83,Cash
30-01-24,utilties,67592.86,Cash
2024-11-22,Dining,53446.72,
06-06-24,Fuel,40929.97,UPI
2024-06-13,Entertainment,71991.87,Bank Transfer
Feb 03 2025,utilties,57868.68,cash
2025-02-23,Shopping,58543.86,Credit Card
2024/10/29,Dining,35313.77,Debit Card
23-08-24,groccery,6660.06,cash
02-08-24,Utilities,70899.83,Upi
29-11-24,entertaiment,38804.43,
05-12-24,Fuel,59318.98,cash
2025/02/15,Utilities,32158.23,Credit Card
05-06-24,Rent,61325.78,Upi
05-06-24,Rent,61325.78,Upi
2025-02-08,Utilities,29747.79,
2025-01-23,Health,57832.27,UPI 
2024-08-25,Transport,39292.83,Debit Card
Jul 01 2024,Dining,59470.39,Cash
25-01-25,,8917.88,UPI 
2024-04-14,Groceries,16756.94,Upi
Nov 22 2024,Health,61244.8,Credit Card
2024/08/29,Subscriptions,69607.45,cash
22-06-24,Rent,22187.28,cash
18-05-24,,47192.61,cash
09-02-24,,52157.31,Cash
2025/01/25,Dining,38522.5,UPI
20-01-25,Transport,52229.49,Bank Transfer
2024/03/28,Fuel,80691.32,Bank Transfer
19-02-25,utilties,58141.01,upi
2025/01/29,Utilities,63430.35,UPI
Mar 15 2025,Transport,11363.23,UPI
2024/11/21,Fuel,82207.22,Upi
Mar 19 2024,entertaiment,17966.14,Cash
Mar 19 2024,entertaiment,17966.14,Cash
Jun 29 2024,Transport,0.0,upi
2024/08/20,Transport,13807.29,UPI 
2024/08/20,Transport,13807.29,UPI 
Dec 20 2024,Utilities,30427.43,Debit Card
Jul 23 2024,utilties,36821.11,Upi
Jul 23 2024,utilties,36821.11,Upi
31-03-24,Health,57894.94,Bank Transfer
26-08-24,Entertainment,8653.27,Credit Card
2025-03-02,Rent,76341.2,UPI 
Oct 08 2024,Rent,70389.62,Cash
06-10-24,entertaiment,34959.75,Debit Card
Mar 22 2024,entertaiment,32891.55,Debit Card
Aug 17 2024,Transport,77119.59,Cash
2024/03/10,Groceries,21654.74,Bank Transfer
24-08-24,utilties,34029.1,Upi
22-01-25,utilties,83891.46,cash
Sep 26 2024,Health,41908.59,UPI 
2024-10-06,Health,24696.6,cash
2024-10-19,,18390.41,Cash
2024-10-19,,18390.41,Cash
2024-10-01,Groceries,71167.63,Debit Card
30-08-24,groccery,20375.05,cash
24-01-24,,7390.8,Debit Card
Nov 04 2024,utilties,47454.0,
2025/03/18,Health,26837.25,
28-04-24,Entertainment,32926.21,
2025/02/14,Groceries,82778.13,cash
Sep 18 2024,Rent,75321.45,Debit Card
Apr 20 2024,Subscriptions,69709.81,upi
2025/01/12,Groceries,14698.96,Bank Transfer
2025/01/19,Groceries,17099.38,Cash
2025-01-07,Subscriptions,17418.51,cash
2024-07-29,Transport,25087.19,Upi
Jan 13 2024,Health,27686.7,UPI 
Aug 12 2024,Entertainment,41119.7,Cash
2024-09-19,Shopping,75053.82,Debit Card
28-03-24,Shopping,76118.29,cash
28-03-24,Shopping,76118.29,cash
10-05-24,groccery,77674.8,upi
2024/03/12,entertaiment,17196.95,Debit Card
2025-02-24,Utilities,884.26,
2024/02/05,Shopping,84097.11,
14-07-24,Subscriptions,65555.43,Cash
2024/11/05,Rent,84973.54,upi
2025/02/06,,73481.5,Cash
03-11-24,Fuel,82384.15,Debit Card
2024-09-04,Dining,1793.29,UPI
2024/09/04,Health,28680.24,UPI 
28-01-25,Shopping,64679.86,UPI
12-05-24,Shopping,17326.66,upi
Jul 06 2024,Dining,0.0,Cash
2025/02/10,Transport,0.0,Bank Transfer
Sep 25 2024,,62553.35,Credit Card
21-01-24,Groceries,18693.28,Bank Transfer
2024-06-16,Rent,62136.97,Debit Card
2024/12/31,,62338.88,cash
2024/01/17,utilties,56188.26,Bank Transfer
15-02-24,Health,39020.43,
22-04-24,Fuel,78227.36,upi
Jul 24 2024,groccery,35214.07,Bank Transfer
2024/08/08,Utilities,0.0,Credit Card
Mar 17 2024,,77591.15,Upi
05-09-24,entertaiment,39330.68,Upi
Sep 21 2024,Transport,42792.32,UPI 
Sep 21 2024,Transport,42792.32,UPI 
18-03-25,Shopping,62014.93,
Oct 20 2024,Shopping,60527.59,Credit Card
07-02-25,Health,55776.16,cash
2024/04/01,Subscriptions,19052.18,UPI 
2025-02-17,Entertainment,14391.71,Cash
2024/11/28,Fuel,15103.34,Cash
Aug 05 2024,Dining,76551.11,
2024/05/25,Shopping,34547.47,Bank Transfer
Jan 16 2024,utilties,68542.44,Credit Card
Jan 16 2024,utilties,68542.44,Credit Card
2024-01-09,Subscriptions,42902.64,cash
Sep 02 2024,Shopping,78713.36,UPI
17-03-25,Subscriptions,43505.38,upi
Jan 25 2024,Dining,24921.33,upi
2024-04-07,utilties,75194.1,UPI 
Apr 12 2024,Health,63646.86,cash
07-02-25,,4527.9,cash
Feb 12 2024,Entertainment,8234.61,Credit Card
2024-03-01,Health,34996.4,cash
2024/03/09,utilties,77294.99,Cash
2024/02/03,entertaiment,31147.42,upi
20-05-24,Groceries,72025.35,UPI
2024-01-28,Fuel,31512.07,Upi
2024-01-28,,31512.07,Upi
2024-09-24,groccery,2022.0,Debit Card
26-04-24,Rent,73066.44,upi
2024/04/10,Entertainment,2873.5,Cash
31-08-24,Fuel,64696.11,UPI
2024/03/03,Groceries,13807.84,Upi
2024-11-09,Entertainment,33779.41,
2024-04-05,Entertainment,25912.11,UPI
Dec 05 2024,Rent,29080.77,UPI
16-07-24,Subscriptions,68791.18,UPI
2025/03/01,groccery,48690.22,UPI
2024/05/10,entertaiment,71666.66,upi
2025/03/16,Dining,10764.97,Bank Transfer
28-11-24,,31278.6,Credit Card
Apr 14 2024,,67522.87,upi
2025/02/05,groccery,10853.76,Cash
Sep 16 2024,Groceries,30504.09,UPI
Jan 12 2025,Groceries,42122.99,UPI
2024/12/27,Subscriptions,56412.84,Debit Card
Apr 12 2024,Groceries,7770.15,
Mar 13 2025,Fuel,64203.16,Cash
Mar 12 2024,Health,51530.96,UPI 
19-04-24,Fuel,59655.2,Upi
2024/12/23,Subscriptions,45682.3,Bank Transfer
2025/03/24,Transport,33402.19,upi
09-10-24,Utilities,6391.57,Bank Transfer
Mar 29 2024,Rent,60249.97,upi
04-04-24,,4551.79,Debit Card
22-01-25,groccery,21659.44,UPI
2024/12/19,utilties,5227.34,cash
11-05-24,Groceries,59716.64,Credit Card
25-01-25,Subscriptions,8642.71,upi
2024-02-04,Transport,42938.97,Cash
Jan 22 2024,Rent,73347.1,UPI
Aug 03 2024,utilties,32344.06,Credit Card
Aug 01 2024,Fuel,48570.43,Cash
Aug 01 2024,Fuel,48570.43,Cash
Oct 17 2024,Subscriptions,64758.27,Upi
29-01-24,groccery,75784.27,cash
2024/01/26,Shopping,50742.92,Cash
2025-03-26,entertaiment,38121.67,Bank Transfer
Aug 17 2024,Fuel,59245.49,
Mar 30 2024,Utilities,28177.82,Credit Card
2024/05/15,Rent,680.47,Cash
Sep 09 2024,,35544.83,Credit Card
Mar 01 2024,,65562.74,cash
11-06-24,Groceries,39261.6,Upi
2025/02/09,groccery,47777.62,UPI 
03-02-24,Health,22870.19,Credit Card
Apr 20 2024,Shopping,14684.11,Debit Card
Aug 31 2024,Entertainment,68994.48,
21-10-24,Groceries,2591.61,Cash
11-08-24,,8608.62,upi
2024/08/12,,27917.02,upi
23-03-25,entertaiment,36520.53,UPI
2024-11-05,,53700.63,Cash
2024-11-05,,53700.63,Cash
2024-05-27,groccery,20295.95,UPI
2024/12/14,utilties,4738.57,UPI
2024-07-29,Dining,51199.57,
02-12-24,Groceries,52202.9,Bank Transfer
2024-12-15,utilties,11584.03,Debit Card
Jan 25 2024,groccery,58855.26,Credit Card
2024/04/16,,44555.84,Debit Card
01-02-24,Entertainment,59525.13,cash
2024-09-30,Dining,21421.06,Cash
28-06-24,Dining,79035.33,upi
04-08-24,Subscriptions,8958.13,Credit Card
Feb 09 2025,groccery,71317.46,Upi
07-12-24,Health,53575.0,Upi
2025/02/03,Groceries,83819.25,UPI 
Jan 19 2025,Subscriptions,73934.36,Bank Transfer
2025/03/17,Utilities,2216.97,upi
Dec 05 2024,Transport,4069.65,Upi
22-02-25,Rent,65707.91,Upi
2024-06-07,utilties,18966.45,cash
2024/09/05,,35249.17,Credit Card
2024/09/05,Entertainment,35249.17,Credit Card
2024-10-31,utilties,64289.18,upi
16-04-24,,77321.08,Upi
05-11-24,utilties,30765.33,UPI 
2024-03-02,utilties,70135.66,Upi
2025-02-20,Fuel,38758.01,Credit Card
2024/05/21,Dining,30719.48,UPI 
14-03-25,Transport,3561.4,upi
2024/02/18,groccery,4197.0,Bank Transfer
26-05-24,Rent,54491.91,Debit Card
Sep 03 2024,Health,50220.73,Cash
05-10-24,Shopping,41321.67,Cash
29-11-24,Shopping,78153.67,UPI
Nov 25 2024,Transport,40214.64,cash
30-08-24,Health,45858.7,Debit Card
Apr 13 2024,entertaiment,7443.03,Cash
2024/07/13,entertaiment,26336.45,cash
2024/08/06,Rent,5304.03,UPI
Oct 01 2024,Utilities,38553.67,Debit Card
03-06-24,Subscriptions,55852.57,upi
06-06-24,Subscriptions,0.0,Debit Card
Mar 25 2024,utilties,685.61,Bank Transfer
2024-01-21,Health,74910.0,Bank Transfer
2025/01/15,Utilities,84791.86,Bank Transfer
29-10-24,Groceries,28290.38,Bank Transfer
21-10-24,groccery,51197.86,cash
22-09-24,Utilities,32003.92,Bank Transfer
2024/01/03,Rent,44615.69,UPI
2024/05/28,Shopping,42845.21,
May 04 2024,Subscriptions,28192.75,Bank Transfer
2024/03/11,entertaiment,12951.74,upi
2024/11/23,Health,14945.53,Debit Card
2024/11/06,entertaiment,31929.34,Credit Card
Oct 08 2024,Health,58564.59,Debit Card
2024/03/07,,2734.13,Upi
Oct 20 2024,groccery,19340.41,cash
2024/05/12,Transport,1290.6,cash
Nov 21 2024,Subscriptions,78017.67,Upi
2024/02/19,Shopping,11723.38,Bank Transfer
2024-01-30,Subscriptions,61046.57,cash
10-04-24,Utilities,73454.39,
24-04-24,Groceries,81530.29,
Dec 13 2024,entertaiment,40307.33,Bank Transfer
05-03-25,Fuel,805.0,Credit Card
2025/02/28,Subscriptions,67592.6,Credit Card
2024/08/22,Health,71106.46,UPI
20-09-24,Subscriptions,33246.47,Cash
17-05-24,utilties,2791.07,Bank Transfer
2024-08-08,Fuel,8403.73,upi
Mar 16 2025,entertaiment,42247.86,upi
2024/11/14,Subscriptions,6092.58,upi
Jun 29 2024,Utilities,3864.6,UPI 
Dec 22 2024,,21915.31,UPI
May 15 2024,groccery,82639.77,cash
May 30 2024,Fuel,59102.49,
2024-09-21,Entertainment,26084.35,Upi
2025/01/15,Transport,7222.93,
2024/04/20,Dining,2696.79,Bank Transfer
2024/04/20,Dining,2696.79,Bank Transfer
2024-12-15,Utilities,53723.86,Credit Card
Sep 15 2024,groccery,13337.21,
Sep 15 2024,groccery,13337.21,
2024/01/19,Entertainment,79836.96,UPI 
Feb 02 2024,groccery,55459.65,Credit Card
2024/02/24,,62865.93,UPI
18-05-24,Entertainment,0.0,cash
2024-02-20,Dining,12073.95,UPI 
Feb 23 2025,Rent,7247.51,Cash
23-03-24,groccery,61558.89,Cash
2025/03/10,,13020.19,UPI 
2025-02-19,Transport,54028.38,
2024/06/05,Shopping,0.0,upi
2024-07-16,Dining,69251.28,Bank Transfer
2024/02/29,groccery,15080.62,Cash
2024/03/02,Rent,74398.04,
Jun 30 2024,entertaiment,32932.63,Upi
2024-02-03,utilties,16096.08,Bank Transfer
Aug 16 2024,Entertainment,18474.79,Debit Card
Apr 10 2024,Utilities,45288.37,UPI 
2024/06/08,Rent,11533.23,UPI 
2024-06-08,Subscriptions,64949.07,Debit Card
2024/04/24,Dining,0.0,UPI
2024/11/07,Rent,9568.45,Cash
2024/06/30,Shopping,36230.96,Credit Card
May 15 2024,Groceries,3543.27,cash
2024/11/12,entertaiment,46154.32,Cash
2025-03-19,Fuel,71054.39,cash
2024/04/17,Entertainment,55049.61,
2024/06/10,Entertainment,19941.68,UPI
09-12-24,Subscriptions,15004.27,Bank Transfer
Sep 22 2024,Subscriptions,78248.59,
24-01-24,groccery,15981.78,UPI 
24-01-24,groccery,15981.78,UPI 
Sep 18 2024,Subscriptions,84485.23,upi
2024-09-18,entertaiment,74001.05,UPI
2024/02/28,Rent,24586.72,
2025-03-03,Transport,64772.4,Upi
Feb 21 2024,Rent,61588.46,UPI
2024/10/10,Rent,83459.92,Bank Transfer
2024-01-06,Entertainment,6174.97,upi
Jan 06 2024,,31921.1,
Mar 04 2024,Rent,46159.24,cash
Mar 04 2024,Rent,46159.24,cash
16-02-24,utilties,6794.27,UPI 
2024/11/26,Fuel,59184.47,cash
16-05-24,Rent,54578.35,Bank Transfer
2025-03-23,Health,68637.84,Cash
2024/04/17,utilties,62158.21,
03-03-24,Transport,51807.09,Cash
2024/10/24,Shopping,66518.77,Cash
2024-05-30,utilties,66234.69,cash
2024/04/25,Rent,30269.61,Bank Transfer
2024/09/18,Subscriptions,67068.07,Bank Transfer
2024-05-30,entertaiment,58325.68,Bank Transfer
2024/11/13,Dining,9251.28,Credit Card
15-04-24,Transport,31931.53,Bank Transfer
2024-06-23,Health,75174.89,Cash
25-07-24,,19749.14,UPI
2024-01-13,Transport,46007.17,UPI 
2025/01/30,Entertainment,60680.55,UPI 
Jan 26 2025,utilties,34270.44,Cash
Feb 02 2025,Dining,3592.52,Cash
2025-03-26,groccery,2250.6,cash
08-04-24,Dining,63707.43,UPI
01-10-24,entertaiment,15524.99,Credit Card
13-02-24,Dining,39634.87,cash
May 09 2024,groccery,58874.59,Upi
30-04-24,,9698.11,UPI
Feb 26 2025,groccery,36974.28,Bank Transfer
23-02-25,Fuel,48356.63,
29-10-24,Transport,54969.43,UPI
May 04 2024,Fuel,83979.38,cash
May 04 2024,Fuel,83979.38,cash
2025/01/09,Health,81147.97,Bank Transfer
2024-11-30,entertaiment,73712.91,Debit Card
Nov 07 2024,groccery,55636.78,upi
Jun 15 2024,Transport,64923.79,Credit Card
Apr 30 2024,Transport,604.16,upi
Jan 03 2024,Rent,0.0,Debit Card
2024-08-05,groccery,72381.1,
13-11-24,Rent,1148.94,cash
2024-01-26,groccery,53022.04,Bank Transfer
12-03-24,Fuel,70691.81,UPI 
14-02-25,Transport,81281.56,UPI 
07-12-24,Subscriptions,75730.89,Debit Card
01-10-24,,56870.46,Credit Card
2024/10/08,Rent,17231.67,cash
Jan 14 2024,Utilities,17492.46,
Nov 08 2024,groccery,14913.2,Bank Transfer
27-11-24,groccery,43989.92,Upi
04-11-24,groccery,74961.76,
2024-02-26,Groceries,29999.31,cash
2025-03-03,Groceries,6230.47,cash
Jan 02 2025,groccery,7395.99,upi
2025/03/01,,71974.82,UPI 
Apr 14 2024,,13863.31,Upi
Jan 01 2024,Dining,52408.34,Bank Transfer
2024-11-16,Groceries,67558.58,UPI
2024-11-16,Groceries,67558.58,UPI
Nov 12 2024,Subscriptions,42668.99,Credit Card
12-04-24,Subscriptions,39150.83,
2024-12-28,,37855.13,UPI
Sep 02 2024,entertaiment,23593.42,UPI
11-02-25,Transport,48662.81,Upi
11-02-25,Transport,48662.81,Upi
2025-01-21,utilties,14186.45,UPI
2024/06/04,Entertainment,78073.43,cash
2024/06/04,Entertainment,78073.43,cash
2024-02-10,,0.0,cash
2024-02-10,,71165.95,cash
03-01-24,Shopping,53372.26,Bank Transfer
03-09-24,Fuel,26770.2,Upi
2024/09/22,utilties,55139.4,Upi
Mar 17 2025,Utilities,42934.59,upi
2024/09/24,,71956.7,upi
Sep 27 2024,Shopping,30822.27,UPI
2024-03-11,Shopping,24780.9,upi
2024-11-09,Transport,33136.8,UPI 
30-07-24,Dining,26840.45,
Aug 18 2024,Entertainment,0.0,upi
14-10-24,utilties,12891.78,Upi
2024-06-21,Dining,9040.99,upi
2024-06-21,Dining,9040.99,upi
Apr 28 2024,groccery,23038.66,Debit Card
Mar 05 2024,Dining,31444.77,Cash
Mar 02 2024,Entertainment,70070.63,UPI 
17-02-24,Utilities,8112.24,UPI
2024/07/12,Subscriptions,15048.24,
2025-03-08,utilties,71383.52,Bank Transfer
Oct 15 2024,,51889.36,Bank Transfer
Jan 16 2025,Subscriptions,65420.61,Upi
01-12-24,Subscriptions,48513.91,Credit Card
2024/05/06,entertaiment,77021.85,UPI
Jan 01 2024,Dining,35371.55,Bank Transfer
Jan 01 2024,Dining,35371.55,Bank Transfer
2024/01/23,Groceries,81095.27,Credit Card
18-05-24,entertaiment,37246.15,Cash
03-10-24,Rent,72613.36,UPI 
08-06-24,Rent,63353.11,Credit Card
29-04-24,Subscriptions,0.0,Cash
2024-05-12,,5893.01,Bank Transfer
2024/03/03,Shopping,21550.33,UPI 
Jan 16 2025,groccery,35126.55,Bank Transfer
2024/05/25,Subscriptions,45474.72,Credit Card
Jan 28 2025,Rent,29868.84,Cash
2024-02-19,Utilities,25853.7,UPI 
2024/11/11,Health,57051.93,Bank Transfer
May 15 2024,Utilities,63603.55,upi
Jan 18 2025,Groceries,43561.1,Upi
23-10-24,Rent,28918.99,Debit Card
23-10-24,Rent,0.0,Debit Card
May 23 2024,Groceries,70505.81,UPI
Feb 26 2024,Subscriptions,64958.13,upi
16-09-24,Groceries,51654.05,UPI 
2024-06-19,,83592.6,Upi
11-04-24,Rent,84708.0,Bank Transfer
May 03 2024,Groceries,16268.32,Cash
May 26 2024,Groceries,57915.51,UPI
2024/08/12,Fuel,55175.22,Bank Transfer
2024-07-12,Utilities,14670.64,Cash
2024-07-12,Utilities,14670.64,Cash
2024/02/22,entertaiment,76932.13,Debit Card
2024-01-20,Transport,31733.41,Credit Card
2024/04/27,Entertainment,4020.89,cash
2025/01/12,entertaiment,30238.36,
Nov 09 2024,Groceries,11510.66,UPI 
2024/11/16,Dining,29523.86,upi
2024/03/30,Subscriptions,34414.94,UPI 
2024/01/24,Shopping,71886.98,Cash
Sep 11 2024,Health,45540.16,Debit Card
2025/03/08,Transport,21398.89,cash
2024-02-18,Dining,13401.09,
18-10-24,Dining,76270.37,UPI 
2024/08/28,Health,84098.46,Credit Card
Mar 27 2024,Groceries,-466.46,upi
Mar 27 2024,Groceries,-466.46,upi
Jan 12 2025,Shopping,7800.14,cash
22-12-24,Transport,22054.21,
2024-12-03,Dining,81557.13,
2025/02/05,Groceries,75257.99,UPI
2024-05-19,Dining,54759.66,Upi
2024-04-16,Dining,38667.27,Bank Transfer
16-01-25,Subscriptions,51080.69,UPI 
29-09-24,Fuel,66903.05,
18-03-25,utilties,27022.69,UPI
May 21 2024,groccery,47117.94,UPI
2024/01/05,entertaiment,26641.36,UPI 
2024/01/05,entertaiment,26641.36,UPI 
2025/03/04,Transport,34163.05,Bank Transfer
08-05-24,Utilities,60237.88,Credit Card
Aug 28 2024,Groceries,52513.36,
2024/05/31,,74472.45,UPI
Mar 31 2024,utilties,47077.26,Bank Transfer
16-07-24,Fuel,53446.09,UPI
2024-01-15,utilties,10368.61,Bank Transfer
May 07 2024,groccery,64053.95,Cash
27-07-24,Utilities,64659.54,Upi
2025/02/22,Rent,44133.27,Debit Card
2025-02-10,Subscriptions,40414.38,Cash
Dec 22 2024,groccery,63971.18,Bank Transfer
2024/12/15,Dining,23084.49,Upi
2024/11/22,Fuel,3631.9,Debit Card
2024/09/19,Rent,50709.44,upi
2024/02/01,groccery,22184.59,upi
2024/09/01,Entertainment,43926.01,Bank Transfer
Mar 08 2025,Fuel,72841.76,UPI
2024/03/14,Rent,7960.63,UPI
2024-06-04,Utilities,23881.61,Debit Card
2024/01/21,Rent,67642.65,UPI 
2024/08/28,utilties,0.0,Credit Card
13-06-24,Dining,77372.42,Debit Card
28-08-24,groccery,74725.57,upi
2024-11-05,Health,34627.04,
10-06-24,Subscriptions,10398.2,UPI
Dec 05 2024,Subscriptions,69890.78,Cash
Apr 05 2024,Dining,38086.8,cash
Nov 17 2024,utilties,31404.32,upi
2024/09/28,Fuel,41827.83,Cash
08-10-24,Entertainment,83986.66,
2024-08-18,Fuel,23955.87,UPI
28-02-24,Shopping,53250.14,Upi
2025/03/08,,73617.13,UPI 
2025/01/11,utilties,59484.68,Bank Transfer
2024-09-18,Groceries,56515.46,UPI
01-02-25,Health,71962.41,Bank Transfer
2025-02-19,Fuel,72410.1,Debit Card
Jul 30 2024,,50528.79,Debit Card
2024/12/27,Health,4037.12,UPI
17-03-25,,8703.64,Credit Card
2024/12/24,groccery,35149.49,UPI
2024-04-28,utilties,0.0,cash
2024-03-28,Subscriptions,58261.05,cash
19-03-25,Groceries,31717.44,UPI 
Aug 06 2024,Health,50016.65,Debit Card
04-04-24,utilties,876.45,
2024-12-18,Dining,11367.97,UPI 
16-08-24,Entertainment,73255.39,upi
Apr 23 2024,Rent,18481.09,upi
29-02-24,Utilities,78545.48,UPI
2024/11/11,Dining,9088.78,UPI 
2024/06/03,Fuel,49959.93,UPI 
Feb 04 2025,entertaiment,67298.94,
Oct 13 2024,,43847.03,Upi
Mar 07 2024,utilties,15795.89,
24-08-24,entertaiment,16274.19,UPI 
06-02-25,Dining,60349.27,UPI 
2024/05/23,Fuel,15328.18,UPI
Jun 11 2024,groccery,64762.11,
2025/02/15,utilties,-115.84,Upi
2024-11-23,Utilities,74833.59,upi
Oct 04 2024,groccery,64448.21,Credit Card
26-06-24,,23704.02,Bank Transfer
26-06-24,,23704.02,Bank Transfer
2025-01-28,utilties,75041.24,Cash
24-11-24,Health,34662.39,cash
2024/03/25,Subscriptions,0.0,upi
22-04-24,Groceries,23778.92,Debit Card
2024/09/20,Rent,257.72,Debit Card
Jun 18 2024,Subscriptions,68667.59,cash
Jun 18 2024,Subscriptions,68667.59,cash
2025/01/09,Fuel,62908.43,Debit Card
20-08-24,utilties,41986.43,UPI 
2024/10/26,Dining,1415.15,Upi
Jun 21 2024,entertaiment,30867.24,Upi
2025/02/03,Utilities,22513.87,Upi
Feb 08 2024,Health,31933.04,
26-08-24,Shopping,69853.14,upi
30-11-24,,35203.32,Cash
06-06-24,entertaiment,12120.86,cash
16-12-24,Groceries,36248.27,Debit Card
Nov 09 2024,Transport,73281.01,Upi
28-08-24,,30739.87,upi
28-08-24,,30739.87,upi
01-12-24,Subscriptions,6931.46,upi
01-12-24,Subscriptions,6931.46,upi
06-07-24,Groceries,59509.89,Cash
06-07-24,Groceries,59509.89,Cash
Aug 21 2024,Transport,0.0,Upi
29-01-25,Health,55805.49,Bank Transfer
2024/10/10,Utilities,50940.36,cash
Dec 28 2024,Health,79900.53,UPI
Oct 18 2024,,79304.41,Credit Card
2024/10/09,Subscriptions,70331.48,upi
23-01-25,groccery,41404.22,
2024-05-12,entertaiment,27551.58,upi
2024/10/18,Shopping,68301.05,UPI 
Aug 06 2024,,78158.44,UPI 
2024/07/23,Shopping,77058.66,Debit Card
28-09-24,Groceries,11060.86,
2024-11-22,groccery,31811.82,
2024/09/01,Subscriptions,67811.6,Bank Transfer
2024-07-04,Entertainment,80332.54,UPI
Feb 28 2025,entertaiment,60671.56,Debit Card
2024/01/18,Groceries,39402.96,Credit Card
2024/01/18,Groceries,39402.96,Credit Card
2024/07/15,Subscriptions,68333.93,Debit Card
May 27 2024,Rent,64863.97,upi
04-02-24,Transport,31306.53,upi
2024-09-05,Groceries,6210.02,cash
11-01-24,groccery,77352.49,Bank Transfer
09-03-25,Groceries,25804.08,upi
2024-11-26,Utilities,39547.99,Debit Card
Jun 02 2024,Groceries,15240.54,UPI 
2025/01/08,Shopping,80007.63,Bank Transfer
2024/08/12,groccery,83074.94,Credit Card
Jun 04 2024,groccery,29869.57,Credit Card
2024/05/02,Subscriptions,5850.96,cash
2025-02-22,Subscriptions,7783.39,Debit Card
15-12-24,utilties,81410.3,UPI 
2024/10/19,Groceries,28757.47,Credit Card
Sep 18 2024,Dining,10538.85,Cash
2024-12-23,Entertainment,58646.54,UPI
Jun 02 2024,Shopping,23003.17,Upi
09-07-24,entertaiment,36451.13,Debit Card
Nov 13 2024,Groceries,24789.19,Debit Card
2024-06-15,Fuel,12339.74,Credit Card
2024-04-06,Subscriptions,47937.48,Debit Card
Feb 22 2025,Subscriptions,3308.64,Cash
2024/10/18,Transport,65324.91,Upi
23-02-25,Health,48881.83,UPI
2024/04/20,,32497.65,Credit Card
2025-02-20,,32400.5,cash
2025-02-20,,32400.5,cash
Apr 06 2024,Groceries,76920.32,upi
Mar 27 2024,Health,9060.07,Bank Transfer
Jun 30 2024,Utilities,48183.07,Cash
14-01-25,Health,2383.66,Credit Card
14-01-25,Health,2383.66,Credit Card
2024-12-02,Utilities,31334.96,
23-09-24,entertaiment,47644.23,Bank Transfer
Jan 13 2024,Rent,18257.0,UPI 
2024-10-21,groccery,39345.13,
2025/03/04,Dining,62684.5,Upi
20-03-24,Utilities,52971.84,Bank Transfer
07-02-24,Entertainment,55023.8,Debit Card
2025/03/22,Shopping,35142.61,cash
2024-09-22,groccery,35277.85,Bank Transfer
Oct 14 2024,Utilities,16756.23,upi
2025-02-17,Dining,67618.25,Cash
09-03-25,Subscriptions,21001.99,Credit Card
05-02-24,,16563.7,UPI
2025-03-09,Transport,0.0,cash
2024-08-06,utilties,65997.54,Upi
Feb 02 2024,groccery,31382.34,Bank Transfer
03-09-24,Entertainment,37815.39,Cash
2024/08/02,Rent,65173.76,Upi
2024-02-10,Fuel,81960.91,Upi
2025-03-04,Health,31962.41,cash
Jul 04 2024,entertaiment,30479.32,cash
Jul 04 2024,entertaiment,30479.32,cash
08-01-24,Dining,68949.8,Bank Transfer
13-02-25,Utilities,72524.06,
Jul 10 2024,Fuel,5520.7,Bank Transfer
Feb 18 2025,utilties,45809.27,UPI
Sep 28 2024,Fuel,75409.73,cash
2024-01-03,Utilities,33226.19,Cash
2024-01-03,Utilities,33226.19,Cash
26-02-25,Fuel,77550.16,upi
2024-06-15,Groceries,36120.95,Cash
2024-06-17,Utilities,71499.03,Bank Transfer
2024/01/13,Dining,32881.53,Upi
2024-08-07,Fuel,59115.82,Cash
06-05-24,Shopping,67991.61,
2025-03-03,Utilities,77064.13,UPI 
2024/07/17,Dining,71743.28,Upi
May 23 2024,Entertainment,63753.98,
May 25 2024,entertaiment,0.0,UPI 
23-06-24,Fuel,18246.85,Upi
2024-09-01,entertaiment,81132.87,Bank Transfer
13-08-24,Utilities,77439.08,Bank Transfer
11-05-24,Shopping,75540.42,UPI 
02-02-25,Fuel,24519.35,UPI
Jan 30 2024,utilties,6790.06,
2025/01/31,Entertainment,35532.64,cash
2024/07/27,Transport,33040.06,
Feb 19 2025,Shopping,14413.48,UPI
2024/07/24,Utilities,20489.25,UPI
20-01-24,Fuel,5391.67,Cash
Nov 30 2024,Utilities,37673.76,Bank Transfer
2024-05-14,Dining,35194.48,Bank Transfer
2024/10/24,Transport,6770.85,Cash
2025-03-15,utilties,24334.66,
Aug 14 2024,Fuel,58719.76,Debit Card
01-11-24,Transport,49771.55,UPI
Jun 30 2024,Entertainment,26694.93,cash
17-02-25,Health,66066.04,cash
Feb 17 2025,,38355.82,upi
16-12-24,,0.0,Upi
May 10 2024,Groceries,5589.04,Bank Transfer
2024/09/25,utilties,83339.56,Bank Transfer
Jan 24 2024,Dining,47542.35,Upi
Apr 06 2024,Health,7642.4,Credit Card
2024/06/15,entertaiment,1266.79,Cash
2024/04/26,Rent,44814.39,upi
2024/06/19,Entertainment,45259.89,Debit Card
2024/04/22,entertaiment,81447.91,Upi
23-02-24,Fuel,57312.9,
Dec 16 2024,,44563.85,upi
2025-02-01,groccery,34807.11,cash
2024-08-17,groccery,15451.08,cash
2024/02/09,Health,31826.3,UPI
11-10-24,Groceries,50499.51,cash
2024-09-29,entertaiment,10633.96,Credit Card
Jan 26 2025,,52176.24,Cash
04-04-24,,-414.01,Cash
Mar 09 2025,Subscriptions,68391.75,cash
15-08-24,Transport,11483.33,Upi
2025-02-02,Entertainment,23003.34,Debit Card
2024/03/27,Subscriptions,51654.36,Bank Transfer
2024-04-15,Rent,0.0,Bank Transfer
Mar 22 2025,Utilities,78490.75,Upi
02-10-24,,81006.48,Bank Transfer
31-01-25,Utilities,54900.87,Bank Transfer
Jan 22 2024,,0.0,upi
2024-12-15,groccery,62599.46,Upi
2024-06-13,Shopping,172.58,cash
2024-06-13,Shopping,172.58,cash
2024/08/09,Dining,3809.79,Cash
